{"cameraMode":{"drawMode":0,"name":"Shaded","section":"Shading Mode"},"sceneLighting":true,"audioPlay":false,"sceneViewState":{"m_AlwaysRefresh":false,"showFog":true,"showSkybox":true,"showFlares":true,"showImageEffects":true,"showParticleSystems":true,"showVisualEffectGraphs":true,"m_FxEnabled":true},"in2DMode":false,"pivot":{"x":0.1104431301355362,"y":0.26927801966667178,"z":1.1043683290481568},"rotation":{"x":0.020098600536584855,"y":0.9769307971000671,"z":-0.18383415043354035,"w":0.10680839419364929},"size":4.651334762573242,"orthographic":true}